Type,Name,Request Count,Failure Count,Median Response Time,Average Response Time,Min Response Time,Max Response Time,Average Content Size,Requests/s,Failures/s,50%,66%,75%,80%,90%,95%,98%,99%,99.9%,99.99%,100%
GET,/addresses,170,0,65,69.97452655289047,56.687512999815226,166.40974999972968,1132.0,2.872510143901449,0.0,65,70,75,79,88,95,120,140,170,170,170
GET,/cards,170,0,63,67.29550659999458,30.180140000084066,135.3284420001728,926.0,2.872510143901449,0.0,63,66,70,72,88,96,110,120,140,140,140
GET,/customers,170,0,63,68.00526312355193,55.95159200038324,134.93034500061185,1197.0,2.872510143901449,0.0,64,68,72,75,83,93,110,130,130,130,130
GET,/login,170,0,140.0,141.6439018529298,90.7817930001329,249.37660399973538,13.0,2.872510143901449,0.0,140,150,160,160,180,190,210,240,250,250,250
,Aggregated,680,0,68,86.72979953234169,30.180140000084066,249.37660399973538,817.0,11.490040575605796,0.0,68,82,110,120,140,160,180,200,250,250,250
