Type,Name,Request Count,Failure Count,Median Response Time,Average Response Time,Min Response Time,Max Response Time,Average Content Size,Requests/s,Failures/s,50%,66%,75%,80%,90%,95%,98%,99%,99.9%,99.99%,100%
GET,/addresses,176,0,63,66.96480956249347,54.26309900030901,105.16066499985754,1132.0,2.9246587297610316,0.0,63,67,72,74,84,88,94,100,110,110,110
GET,/cards,176,0,64,67.27414677274882,19.843287000185228,152.745010000217,926.0,2.9246587297610316,0.0,64,68,72,74,82,88,94,100,150,150,150
GET,/customers,176,0,63,67.20546059659682,55.32043200037151,190.4599520003103,1197.0,2.9246587297610316,0.0,63,67,70,73,81,91,100,120,190,190,190
GET,/login,177,0,140.0,138.57501871179252,87.9428670004927,223.5874119996879,13.0,2.941276108907401,0.0,140,140,150,160,170,180,200,200,220,220,220
,Aggregated,705,0,68,85.08084495317867,19.843287000185228,223.5874119996879,815.8595744680852,11.715252298190496,0.0,68,80,100,120,140,160,180,190,220,220,220
