Type,Name,Request Count,Failure Count,Median Response Time,Average Response Time,Min Response Time,Max Response Time,Average Content Size,Requests/s,Failures/s,50%,66%,75%,80%,90%,95%,98%,99%,99.9%,99.99%,100%
GET,/addresses,93,0,61,64.91682198925592,56.387053999969794,121.22076600007858,1132.0,1.5459245566038848,0.0,61,64,65,70,76,85,100,120,120,120,120
GET,/cards,93,0,61,63.12895989244729,18.764511999506794,92.83995799978584,926.0,1.5459245566038848,0.0,61,64,66,67,74,82,91,93,93,93,93
GET,/customers,93,0,62,65.21759197852178,53.89203000049747,112.58169499978976,1197.0,1.5459245566038848,0.0,62,65,68,70,77,82,110,110,110,110,110
GET,/login,94,0,210.0,447.58830040430615,87.97715900072944,17356.699826000295,13.0,1.5625474012985503,0.0,210,310,320,340,530,770,1100,17000,17000,17000,17000
,Aggregated,373,0,64,160.98336194907694,18.764511999506794,17356.699826000295,814.8445040214477,6.2003210711102055,0.0,64,74,91,120,260,340,630,830,17000,17000,17000
